UniPais;Pais;SC.Lac.Ranking;QS.Ranking;WEB.Ranking.LA;SC.Ibe.Ranking;WEB.Ranking.mundial;QS.Puntuacion;QS.Reputacion.academica;QS.Reputacion.entre.empleadores;QS.Estudiantes.por.profesor;QS.PromArticulos.por.docente;QS.Citas.por.articulo;QS.Docentes.con.doctorado;QS.Impacto.Web;SC.Co.Ranking;SC.Productividad;SC.Colaboracion.Interciol;SC.Impacto.normalizado;SC.Publicaciones.de.alta.calidad;SC.Indice.de.especializacion;SC.Indice.de.excelencia;SC.Liderazgo.cientifico;SC.Excelencia.con.liderazgo;WEB.Presencia;WEB.Impacto;WEB.Apertura;WEB.Excelencia
POTFIC CATOLICA MG - BRA;BRA;117;128;104;181;1769;42,1;38;39,1;10,7;15,9;40,4;61;84,3;57;914;16,41;0,68;22,32;0,26;6,74;55,36;3,43;6368;7952;8507;3159
U CRica - CRI;CRI;1;23;20;136;646;78,7;95,2;84,6;76,2;14;97,7;15,5;97,4;79;1444;69,32;0,97;37,6;0,13;11,13;49,79;2,82;7864;10529;9049;3827
NAL AUTONO DE  (UM) - MEX;MEX;2;8;2;3;50;91;100;99,9;71,4;54,2;87,5;60,3;100;1;21423;39,98;0,81;43,82;0,3;8,1;59,53;3,29;8607;11049;9492;4854
Fe DA BAHIA - BRA;BRA;29;73;14;63;480;56,5;46,4;16,3;98,6;50;63,2;61,1;98,1;18;4053;24,35;0,78;33,48;0,13;7,23;54,48;2,88;8196;10632;9121;4198
Fe DE JUIZ DE FORA - BRA;BRA;55;130;87;106;1604;42;14,4;;90,1;62,4;59,6;62;85,7;33;2089;21,92;0,92;32,65;0,12;8,18;56,25;2,23;6105;8222;8820;3402
DO VALE DO RIO DOS SINOS - BRA;BRA;119;146;71;184;1428;39,7;26,7;27,5;25,4;38,6;19,7;71,5;91,2;59;880;17,05;0,49;23,86;0,39;3,93;63,75;2,43;6200;9886;7424;2968
PRESBITERIA MACKENZIE - BRA;BRA;129;93;109;197;1833;51,4;22,4;84,1;15,7;29,3;56,4;72,7;84,3;65;771;21,27;0,64;25,94;0,17;7,02;47,86;1,32;6540;8129;7874;3035
BUENOS AIRES - ARG;ARG;7;19;7;15;276;81,3;100;100;29,6;39,6;98,4;14;98,6;1;12825;41,02;1,03;51,25;0,18;10,68;61,53;3,87;8166;10743;9338;4794
Fe DE PELOTAS - BRA;BRA;41;106;82;83;1540;46,9;18,2;;79,3;89,3;66,6;79,6;80,9;26;2911;18,65;0,85;36,21;0,31;7,58;55,44;2,93;6427;7134;8973;4015
Es DE PONTA GROSSA - BRA;BRA;104;138;147;164;2233;40,9;8,9;13;98,9;48,2;35,6;81,5;75,9;51;1037;11,48;0,66;36,35;0,12;6,49;52,75;3,39;5990;6873;7604;3050
U de  - CHL;CHL;10;6;6;24;248;94,1;100;100;38,8;99,7;92,4;73;99,1;1;9175;47,36;0,98;43,1;0,33;10,86;58,5;4,8;8531;10799;9291;4694
Fe DE GOIAS - BRA;BRA;35;103;29;73;809;48,3;16,3;13;97,9;53,5;55,3;86,3;95,4;22;3381;17,89;0,76;31,74;0,03;6,86;52,97;2,86;8139;9783;9055;3924
Es DE MARINGA - BRA;BRA;46;88;48;66;1035;52;17;26,9;97,6;85,2;31,8;88,6;90,9;19;3879;11,16;0,6;26,58;0,13;5,62;66,15;3,5;7917;8653;9164;4008
POTFIC CATOLICA DE  - CHL;CHL;13;1;24;30;757;100;100;100;74,5;96,8;98,7;96;93,9;2;7212;47,71;1,2;47,64;0,16;13,19;56,07;4,2;6908;10093;8203;4637
Fe DE OURO PRETO - BRA;BRA;78;110;93;137;1670;45,1;22,3;;77,3;68,4;45,9;89,4;84,7;41;1414;20,44;0,77;36,35;0,24;7,74;47,38;3,23;6419;7950;8721;3315
NAL DPL - ARG;ARG;15;21;18;34;539;79,2;99,1;88,9;28,6;42,7;91,5;25,7;96,6;2;6959;43,9;0,92;45,02;0,02;9,69;58,53;3,61;8588;9963;9212;4456
INSTITUTO POLITECNICO NAL (IPN) - MEX;MEX;16;26;23;35;693;78;77,1;95,2;73,8;59,8;79,4;18,1;96;3;6932;29,05;0,67;33,66;0,41;6,85;56,02;2,91;7721;10054;9210;4216
Fe DO CEARA (UFC) - BRA;BRA;22;100;17;47;530;49,1;32,5;;42,7;89,4;52,8;91,4;97,7;14;5306;23,92;0,77;33,81;0,22;7,79;59,97;3,95;7726;10704;8886;4260
NAL DE  - COL;COL;18;14;10;38;368;84,6;99,9;100;42,8;73,7;27,2;69,7;98,9;1;6402;37,94;0,56;23,73;0,19;5,55;64,95;2,46;8419;10763;9352;4179
DO ESTADO SCT - BRA;BRA;11;121;59;28;1262;43;31,7;8,6;55,5;49,2;10,7;91,6;93,1;8;7801;24,14;0,81;35,19;0,42;8,23;61,65;4,65;6379;9755;9006;2887
Fe DA PARAIBA - BRA;BRA;36;130;49;74;1045;42;22,1;;65;60,8;26,8;91,6;92,5;23;3353;14,88;0,7;26,36;0,11;6,71;55,38;3,19;6849;9576;8676;3963
Fe DO ESPIRITO SANTO - BRA;BRA;46;142;83;89;1551;40,3;16,1;4,5;61,8;65,4;21,9;93,3;87,2;30;2633;19,79;0,62;24,15;0,07;4,49;57,42;2,07;6710;8380;8673;3392
Fe DO MG DSUL - BRA;BRA;71;149;36;128;891;39,3;5,8;;96,8;36,7;36,8;93,3;95,9;38;1625;12,43;0,55;23,57;0,35;3,87;53,11;1,18;7304;10583;7990;3223
Fe DE SAO JOAO DEL-REI UFSJ - BRA;BRA;112;148;165;176;2439;39,4;9,5;13,4;64,8;39;55;94,1;70,2;54;944;28,81;1,28;43,11;0,12;14,09;39,72;1,71;6541;5517;8317;2968
Fe DE VIÇOSA - BRA;BRA;20;74;33;43;859;55,6;35,1;20,6;75,9;99;21,5;95,9;95;12;5638;14,6;0,59;24,03;0,55;4,23;58,41;2,05;7898;9819;8902;3939
POTFIC CATOLICADESAOPAULO(PUC-SP) - BRA;BRA;148;33;96;218;1686;75,6;77,7;95,5;95,7;9,2;10,1;95,9;90,6;75;613;12,4;0,3;10,93;0,55;1,83;58,89;0,33;6824;9386;7862;2266
POTFIC CATOLICA DO PARA -PUCPR - BRA;BRA;76;92;69;134;1416;51,5;24,3;43,8;13,1;70,2;65,4;96,4;89;40;1486;20,73;0,91;26,92;0,1;9,49;59,08;4,64;6592;9202;7561;3572
PUERTO RICO - PRI;PRI;26;48;26;53;774;66,3;53,6;46;42,4;51,4;100;100;89,6;1;4839;64,02;1,32;51,73;0,51;15,72;56,09;4,16;8445;9854;8604;4114
AUTONOMA METROPOLITA (UAM) - MEX;MEX;27;35;15;59;503;74,7;87,1;65,6;31;52,2;49,7;93,3;98;4;4469;26,7;0,64;34,37;0,32;6,38;56,48;2,93;7740;10746;9091;4104
CONCEPCION - CHL;CHL;28;12;32;61;847;86,1;91,9;87,4;36,5;89,6;80,7;75,2;94,1;3;4170;54,05;0,89;45,23;0,06;9,29;55,85;3,29;6962;10158;8074;4284
Es DE LONDRI - BRA;BRA;43;74;62;85;1295;55,6;31,8;43;64,9;66,1;35,6;96,6;89,5;28;2774;14,92;0,57;26,53;0,18;5,7;63,37;2,94;7093;8676;8917;3672
NAL DE CORDOBA - ARG;ARG;30;25;19;64;615;78,5;98,7;93,3;15,4;42,2;79,2;37,1;97,1;29;3947;39,6;0,82;52,47;0,12;7,88;66,08;4,13;8208;10353;8931;4196
Fe DO RIO GRANDE DO NORTE - BRA;BRA;32;121;44;68;984;43;25,2;;42,4;69,1;35,4;97;93,5;20;3749;17,76;0,68;28,62;0,33;6,02;56,76;2,7;7439;9559;8895;3881
LA REPUBLICA (UDELAR) - URY;URY;33;54;137;70;2136;63,8;82,9;59,1;70,2;14,2;91,3;4,8;64,6;1;3536;62,19;0,95;47,79;0,23;11,21;59,67;5,16;3656;6997;4327;4290
POTFIC CATOLICADORIOGRANDEDOSUL - BRA;BRA;42;38;42;84;979;72,5;58,7;34;85,6;91,8;83,9;97,2;93,2;27;2783;25,51;0,94;32,48;0,03;8,67;56,99;3,55;7696;9456;8698;3997
POTFIC CATOLICA DO R de Janeiro -PUC - BRA;BRA;40;13;30;82;809;85,4;94,7;87,6;28,6;99;40,2;97,5;95,4;25;3027;32,21;0,87;31,15;0,1;9,3;56,62;3,32;7741;9907;9083;3943
Fe DO PARA (UFPR) - BRA;BRA;14;40;12;32;418;71,2;64,7;33,8;82,5;95,8;46,9;98,5;98,2;9;7128;21,8;0,65;30,12;0,13;5,9;58,32;2,6;8474;10469;9393;4288
ANTIOQUIA - COL;COL;37;23;37;75;918;78,7;94,9;84,5;30;50,9;78;49;93,8;2;3281;49,53;0,76;30,51;0,19;8,16;60,56;2,94;7399;9624;8943;4008
FLUMINENSE Fe - BRA;BRA;23;49;16;48;526;66;57,8;34,3;85,7;72,8;36,2;98,8;97,8;15;5291;23,34;0,68;34,53;0,35;6,38;54,05;2,68;7770;10612;9208;4173
Fe DE SANTA MARIA - BRA;BRA;25;94;40;52;950;50,7;33,4;;66,2;93,4;35,4;99;92,9;17;4907;13,78;0,67;25,88;0,2;5,48;66,82;3,15;7320;9410;8952;4104
Fe DE UBERLÂNDIA - BRA;BRA;39;117;39;80;938;43,9;24,1;;49,4;74,8;32,2;99;93,6;24;3109;15,66;0,66;29,17;0,18;5,79;63,59;3,1;7819;9369;9124;3840
Fe DO R de Janeiro RURAL - BRA;BRA;62;137;140;117;2164;41,1;17,7;;76;69,9;21,3;99,3;74,7;35;1870;12,41;0,58;22,51;0,58;3,62;55,29;1,19;4115;6948;8584;3194
DE BRASILIA - BRA;BRA;19;17;13;39;474;82,2;90,5;55,5;71,4;89,3;48,2;99,7;97,9;11;6237;25,19;0,71;32,23;0,23;6,94;57,53;2,48;8043;10567;9237;4315
CENTRAL DE VENEZUELA (UCV) - VEN;VEN;45;27;52;87;1166;77,9;90,9;92,4;49,8;27,8;53,2;68,7;90,7;1;2673;40,14;0,51;23,91;0,03;5,52;55,93;1,06;8129;8693;8710;3748
DE SAO PAULO (USP) - BRA;BRA;1;2;1;1;29;98,9;100;100;65;100;84,2;100;100;1;52908;26,36;0,86;38,33;0,38;8,76;60,26;4,01;8622;11044;9523;5078
LOS ANDES  - COL;COL;47;5;38;91;928;94,7;99,8;100;52,5;86,7;94,2;83,8;92,9;3;2572;55,44;1,31;40,2;0,01;15,6;52,68;2,53;7119;9600;8646;4267
GUADALAJARA (UDG) - MEX;MEX;48;59;25;92;764;63;78,3;57,5;90,8;9,6;41,1;16,7;96,9;5;2531;34,45;0,55;31,69;0,35;5,25;54,13;2,18;7931;10259;9240;3486
AUTONOMA DE NUEVO LEON (UANL) - MEX;MEX;49;64;51;93;1150;59,8;72,7;53,4;11;31,6;66,9;48,3;91,2;6;2392;33,78;0,6;29,89;0,35;7,13;59,62;3,87;7176;9019;9007;3706
BENEMERITA AUTONOMA DE PUEBLA - MEX;MEX;50;70;66;97;1395;57,6;68,9;39,7;32;28,5;85;34;87;7;2332;36,62;1,14;34,86;0,05;11,18;48,11;1,83;6736;8285;8796;3910
NAL DE ROSARIO - ARG;ARG;52;46;57;102;1221;66,4;89,2;75,6;16,9;22,7;71,5;16,6;90,5;4;2180;46,65;0,9;47,43;0,22;9,25;64,63;4,08;6346;9500;7910;3840
NAL MAR DPL - ARG;ARG;54;53;64;105;1377;64,2;76;48,4;69,8;41,5;70,7;20,8;88,2;5;2093;35,21;0,82;50,6;0,13;8,62;67,08;4,75;7689;8661;7575;3791
EEs PAULISTA JULIO MESQU  - BRA;BRA;3;9;11;5;373;90,3;89,9;78,9;84,9;99,9;56,9;100;97,6;2;19119;18,36;0,72;30,1;0;6,72;61,13;2,8;8068;10374;9439;4763
TECNOLOGICO DE MONTERREY (ITESM) - MEX;MEX;56;7;28;107;785;91,4;97;100;94;42,6;63,6;89,5;96,6;8;2057;40,54;0,79;27,71;0,05;8,6;63,1;4,48;7730;10308;9024;3572
MONTERREY - MEX;MEX;56;109;291;107;4014;45,5;62,5;51,6;50,4;5,9;;29,8;60,3;8;2057;40,54;0,79;27,71;0,05;8,6;63,1;4,48;6814;5366;4157;1258
NAL DEL SUR - ARG;ARG;57;82;110;108;1839;53,9;60,4;24,3;44,8;62,5;56,7;46,2;77,2;6;2047;32,44;0,74;47,92;0,12;7,59;70,25;4,22;6769;6689;8023;3722
GUAJUATO - MEX;MEX;59;100;95;111;1676;49,1;41,5;18,6;58,4;60,7;56,2;53;81,7;9;1960;41,89;0,75;34,34;0,09;8,21;54,74;3,08;7378;7227;8228;3632
SANTIAGO DE  (USACH) - CHL;CHL;60;16;34;113;870;84,1;98,6;97,4;23,7;67;75,4;55,3;94,8;4;1934;48,24;0,83;45,14;0,31;9,83;55,48;4,03;7372;10349;7684;3897
TECNICA FEDERICO SANTA MARIA - CHL;CHL;61;39;74;116;1454;71,5;47,5;89,6;23,4;96,3;97,9;61,9;85,4;5;1886;67,5;2,08;53,66;0,27;20,19;47,88;5,24;6578;8170;8352;4051
Es DE CAMPIS (UNICAMP) - BRA;BRA;4;3;8;6;335;97,1;100;99,5;59,8;100;75,2;100;97,6;3;18649;22,56;0,85;37,67;0,51;8,78;59,77;4,35;7231;10665;9405;4832
NAL DEL LITORAL - ARG;ARG;63;81;73;118;1452;54,3;70,7;40,8;24;37,3;64,3;13,9;87,7;7;1852;35,96;0,85;57,51;0,08;9,71;70,3;5,68;6704;8643;8233;3738
AUTONOMA DE SAN LUIS DE POTOSI - MEX;MEX;64;98;108;119;1829;50;42,8;14,7;47,7;67,7;99,1;31,1;76,8;10;1850;42,11;1,28;44,7;0,29;12,86;49,62;2,08;5334;7076;8104;3891
AUSTRAL DE  - CHL;CHL;65;37;45;120;1002;72,6;75,5;59;38,9;82,7;81,6;55,4;93,5;6;1818;50,99;0,8;44,66;0,33;8,21;55,06;2,94;7739;9445;8949;3730
SIMON BOLIVAR VENEZUELA - VEN;VEN;66;32;78;121;1499;76,3;81,7;75,8;32,2;89,5;31,8;93,6;88,5;2;1794;44,2;0,61;25,25;0,11;4,92;64,38;2,49;7497;8484;8432;3327
DEL VALLE - COL;COL;68;51;72;123;1434;65,2;87,3;61,4;23,7;52,2;38,4;38,5;88,5;4;1756;48,01;0,58;24,72;0,1;5,42;56,21;1,85;7333;8456;8654;3514
DO RD Janeiro FED - BRA;BRA;5;4;5;7;240;95,5;99,9;82,1;71,9;99,5;82,3;100;99;4;16590;28,54;0,9;39,45;0,47;8,94;56,4;3,31;8300;10824;9358;4778
AUTONOMA DEL ESTADO DE MORELOS - MEX;MEX;73;124;216;131;3080;42,8;25,8;8,7;29,4;69,3;82,6;81,7;53,3;12;1541;33,03;0,64;41,34;0,16;7,03;53,54;2,52;4677;4364;6056;3458
POTFIC JAVERIA - COL;COL;74;31;61;132;1289;76,5;98,8;99,8;65,9;23,8;39,4;17,4;92;5;1509;43,74;0,78;23,86;0,07;6,81;59,31;1,42;7233;9360;8546;3289
LOS ANDES MERIDA - VEN;VEN;75;61;46;133;1011;60,8;79;59,7;18,6;21,2;48,1;45,3;94;3;1502;47;0,59;26,7;0,19;5,68;58,99;1,69;8095;9424;9019;3476
Fe DO RG D SUL - BRA;BRA;6;10;3;11;206;87,3;95,5;65,9;58;100;62,7;100;98,9;5;14013;23,83;0,82;35,32;0,41;8,38;61,46;4,3;8631;10611;9485;4736
LA HABA - CUB;CUB;77;91;60;135;1280;51,6;90,4;;27,7;18,4;50,5;35,8;91,7;1;1469;66,03;0,52;35,53;0,08;5,39;44,45;1,11;7772;9654;6950;3315
Fe MG - BRA;BRA;8;10;9;16;354;87,3;94,9;64,7;48,7;100;77;100;98,2;6;12293;24,6;0,88;36,27;0,38;9,12;61,07;4,45;8156;10591;9311;4715
DEL ZULIA - VEN;VEN;80;147;152;138;2322;39,5;42,7;29,7;9,7;22,5;13,8;75;71,1;4;1404;28,77;0,29;14,67;0,39;2,65;67,74;0,65;7833;5627;7187;3018
NAL DE TUCUMAN - ARG;ARG;81;74;122;139;1992;55,6;76,7;48,7;16,3;25,6;69,6;17;77,4;8;1392;32,61;0,75;42,53;0,17;7,87;57,18;3,16;5924;7141;7644;3481
POTFIC CATOLICA DE VP - CHL;CHL;82;29;50;140;1060;77,3;87,7;88,9;19,6;76,6;33,9;77,7;93;7;1386;41,92;0,69;34,34;0,02;7,95;60,39;3,39;5736;10530;7380;3300
AUTONOMA DE BAJA CALIFORNIA - MEX;MEX;85;142;81;143;1536;40,3;50,9;17,7;25,3;21,8;35,9;27;88,3;13;1358;38,22;0,64;25,11;0,06;5,67;59,13;1,64;6209;8971;8157;3335
NAL DE CUYO - ARG;ARG;86;56;70;144;1420;63,5;74,9;61,8;41;19,7;97,4;16,2;87,4;9;1346;39,97;1,02;51,04;0,21;11,94;52,45;3,75;6312;8502;8853;3722
AUTONOMA DEL ESTADO DE  - MEX;MEX;91;68;56;149;1218;58,7;87,1;43,9;50,5;10,3;29,8;31,1;92,9;14;1261;30,53;0,57;25,69;0,06;5,43;59,08;2,19;6049;9979;8508;3159
LA FRONTERA (UFRO) - CHL;CHL;93;78;98;151;1696;54,8;46,6;41,5;17,3;96,7;63,3;40,4;85,7;8;1243;38,21;0,72;24,46;0,3;6,31;62,51;2,02;5459;9104;6884;3251
INDUSTRIAL DE SANTANDER - COL;COL;95;69;113;154;1857;58,3;61,4;73,2;23,1;53,2;58,3;15,6;78,5;6;1183;45,31;0,66;28,06;0,1;7,43;58,92;3,07;6184;6849;8768;3421
CATOLICA DEL NORTE - CHL;CHL;98;86;100;158;1701;52,3;40,1;42,4;26,1;78,8;45,2;64,2;82,8;9;1130;56,55;0,73;41,33;0,29;7,65;46,46;2,85;7534;8672;4531;3467
VP - CHL;CHL;99;83;159;159;2386;53;48;49,1;30,4;46,3;94,7;25,6;69,1;10;1121;52,45;1,05;39,16;0,11;9,89;48,62;2,81;4103;6715;6685;3481
VERACRUZA - MEX;MEX;100;141;89;160;1624;40,7;44,3;20,1;46,8;9,9;30,6;42,6;87,8;16;1106;32,01;0,65;29,75;0,02;5,6;50,72;2,71;6785;8407;8907;2910
PERUA CAYETANO HEREDIA - PER;PER;101;65;193;161;2783;59,3;46,2;20,8;88,5;76,8;100;66,7;56,7;1;1105;72,85;1,26;57,74;0,59;12,81;41,27;2,4;2297;5718;5884;3706
NAL DE SAN LUIS - ARG;ARG;103;84;86;163;1601;52,9;51,9;30,3;42,9;44,5;85,7;31,9;86,6;11;1039;40,81;0,79;49,76;0,1;9,07;59;3,9;6145;8491;8543;3358
Fe DE SAO PAULO (UNIFESP) - BRA;BRA;9;15;54;21;1181;84,2;75,8;52,8;97;100;91,8;100;86;7;10191;20,4;0,85;39,53;0,33;7,68;59,08;3,03;5488;8927;7527;4622
TALCA - CHL;CHL;105;63;58;166;1224;60;62;36,3;18;90;39,7;77,3;92,8;11;996;44,48;0,67;31,12;0,18;7;61,65;3,96;7617;9527;8249;3251
AUTONOMA DE YUCATAN - MEX;MEX;106;140;143;167;2179;40,8;44,6;11,3;29,7;50,2;57;25;73,4;17;994;34,41;0,71;34,51;0,14;8,16;51,51;2,69;5580;6486;7926;3412
ANDRES BELLO - UB - CHL;CHL;107;86;145;168;2206;52,3;48,2;74,2;15,6;21,2;79;18,5;74,9;12;993;44,91;0,86;49,75;0,09;8,96;41,79;2,34;6957;7026;5796;3172
Fe SCT - BRA;BRA;11;41;4;28;235;70;81,1;38;47,9;50,8;54,6;100;99,4;8;7801;24,14;0,81;35,19;0,42;8,23;61,65;4,65;8401;10918;9400;4451
NAL DE SAN MARTIN (UNSAM) - ARG;ARG;113;125;172;177;2514;42,7;47,4;14,3;42,9;30,8;88;12,6;65,2;13;941;39,64;0,96;55,58;0,08;11,07;34,33;3,07;571;7359;6500;3437
NAL DE RIO CUARTO - ARG;ARG;116;115;218;180;3110;44,1;45;29,5;37,8;36,4;66,8;34,2;54,3;14;921;30,51;0,78;45,06;0,1;8,38;71,23;5,07;;5556;7530;3251
Fe DO PERMBUCO - BRA;BRA;17;43;21;37;665;68,2;68,2;32,1;58,3;93,9;37,6;100;96,3;10;6436;23,17;0,8;29,29;0,34;6,92;60,13;3,43;7701;10227;9057;4287
Fe DE SAO CARLOS - BRA;BRA;21;18;43;44;979;82;68,6;71,5;92,5;99,8;54,1;100;91,8;13;5607;20,33;0,76;36,31;0,25;7,83;55,09;3,35;7294;9221;8748;4300
TECNOLOGICA NAL (UTN) - ARG;ARG;122;85;55;187;1206;52,4;38,7;96,3;55,1;5,2;39,1;2,8;92,3;15;858;30,89;0,87;39,16;0,05;7,57;50,82;3,43;7295;9215;9134;3172
CARABOBO - VEN;VEN;127;126;91;195;1636;42,5;45,1;51,1;38,9;6,7;11;24,2;90;5;784;25;0,3;15,56;0,36;3,07;69,64;0,77;6107;9569;7652;2546
DIEGO PORTALES - CHL;CHL;129;66;132;197;2113;58,9;70,6;81;37,5;25,4;23,3;27,6;78,1;13;771;36,45;0,65;30,22;0,38;8,3;59,14;2,24;6276;7698;6082;3146
DO NORTE FLUMINENSE Es - BRA;BRA;23;138;239;48;3418;40,9;7;17,7;53,1;99,2;38,5;100;45,8;15;5291;23,34;0,68;34,53;0,35;6,38;54,05;2,68;725;4126;7308;3392
NAL MAYOR DE SAN MARCOS - PER;PER;131;57;65;200;1392;63,4;76,2;59,2;42,5;12;31;84,7;91,5;2;750;52,13;0,61;30,8;0,55;4,85;46;0,4;7087;9148;8909;2968
DEL ROSARIO - COL;COL;132;42;128;201;2038;68,5;65,4;95,4;31,6;40,7;85,4;36,2;76,2;7;742;38,41;0,75;36,12;0,43;8,4;51,89;1,76;7940;6274;7624;3146
IBEROAMERICA (UIA) - MEX;MEX;134;28;90;203;1627;77,8;78,1;94,9;52,9;24,1;99,2;64;82,8;21;732;66,94;2,56;62,02;0,61;30,61;29,1;1,39;5216;8289;7812;3932
COLIMA - MEX;MEX;146;150;53;216;1167;39,2;27,8;6,1;49,6;32,9;49,2;53,7;95;22;629;41,18;0,58;35,93;0;4,87;53,26;1,51;7542;9943;8894;2626
LAS AMERICAS PUEBLA (UDLAP) - MEX;MEX;147;50;103;217;1767;65,6;48,5;79,2;56,2;51,5;40,4;91,4;86,6;23;616;39,12;0,68;27,11;0,13;6,91;52,92;3,11;6583;8259;8805;2744
DO ESTADO DO R de Janeiro (UERJ) - BRA;BRA;24;34;35;49;872;75,2;58,3;55,3;78,2;84,9;80,2;100;93,1;16;5140;25,68;0,97;39,46;0,05;9,52;50,06;1,67;7205;9538;8845;4399
DEL BIO-BIO - CHL;CHL;153;144;77;223;1486;40;31,8;32,1;19,8;42,3;19,3;51,5;91,2;15;589;52,97;0,58;30,39;0,19;5,52;54,33;2,07;6307;10081;6794;2591
POTFIC BOLIVARIA - COL;COL;154;89;136;224;2130;51,9;53,6;77;40,4;17;23,5;19,8;82,9;8;586;44,2;0,61;21,33;0,04;5,51;53,07;0,69;6003;8320;7048;2546
POTFIC CATOLICA DEL PERU - PER;PER;159;30;31;230;822;76,9;96;85,3;42,8;14,1;82,6;42,7;96,9;3;547;62,52;1,26;36,75;0,13;11,88;61,43;3,45;8536;10265;8691;3104
DEL DESARROLLO - CHL;CHL;160;150;240;231;3435;39,2;23,5;57,4;56,7;19,9;40,4;15,6;58,2;16;543;29,83;0,5;28,18;0,55;5,77;52,85;1,49;3534;5484;6048;2591
Fe DE LAVRAS - BRA;BRA;34;104;101;72;1712;47,4;18,9;13;67,6;99,9;23;100;81,8;21;3441;12,41;0,55;20,26;0,64;4,57;55,22;2,52;6358;7468;8524;3625
ANTOFAGASTA - CHL;CHL;172;126;175;247;2546;42,5;33;39,7;35;43;30,4;45,2;75,8;17;474;52,53;0,58;33,97;0,28;6,17;59,92;1,91;3856;8095;6114;2468
LA SERE - CHL;CHL;177;121;153;253;2331;43;25,7;30,5;11,5;55,9;85,1;52,9;69;18;433;52,89;1,13;52,89;0,47;14,65;47,58;8,37;7426;7905;146;3113
LOS ANDES  - CHL;CHL;178;80;318;254;4291;54,5;63,8;65,7;97,6;14,5;21,4;20,5;46,8;19;431;31,09;0,56;24,83;0,38;7,31;54,52;2,83;4759;4038;4155;2266
SAN FRANCISCO DE QUITO - ECU;ECU;181;71;141;257;2170;57,2;59,3;43,2;24,9;31;85,6;71,1;72,1;1;415;93,49;2,02;76,87;0,7;30,32;12,77;1,47;5476;6809;6497;3637
NAL - CRI;CRI;192;54;102;269;1742;63,8;79,4;80,8;33,2;9,7;84,1;;85,8;2;372;72,31;0,81;44,09;0,49;10,47;36,83;1,38;8040;8557;6078;2887
EAFIT - COL;COL;193;77;129;270;2062;55;66,1;79,6;28,4;23,9;4,2;25;89;14;370;40,81;0,48;21,62;0,16;4,14;62,43;1,38;6802;9147;7526;1442
ADOLFO IBAÑEZ - CHL;CHL;199;52;268;277;3747;64,4;74,4;98,3;29,2;25,7;26;61,7;55,3;20;350;46;0,85;43,71;0,43;9,41;54;2,35;5548;5623;2512;2266
MAYOR DE SAN ANDRES - BOL;BOL;207;112;125;285;2016;44,8;37,9;67;6;6,8;88,8;;81;1;324;88,27;1,17;52,16;0,37;13,5;23,46;0,64;6458;7913;6744;3035
 I Tec AUTONOMO DE  (ITAM) - MEX;MEX;214;36;168;294;2481;73,8;80,5;94;54,9;31,6;16,9;97,2;78,2;35;292;50;0,56;38,36;0,51;6,55;65,41;4;5416;7391;7787;2266
LA SABA - COL;COL;217;67;180;297;2594;58,8;65,3;94,6;47,9;16,3;17,5;20,4;76,8;16;289;35,29;0,49;22,15;0,44;6,36;58,82;1,41;5809;7097;7562;2146
POTFIC CATOLICA DEL ECUADOR - ECU;ECU;221;97;144;302;2197;50,1;55,1;43,4;34,4;7,3;99,3;8,2;79,4;2;278;78,42;1,05;51,8;0,74;11,59;33,45;0,72;6047;7302;8062;2713
UCA POTFIC CATOLICA ARGENTI - ARG;ARG;237;22;171;320;2509;78,9;95,9;99,8;90,2;4,3;78,5;22;75,2;28;243;37,04;0,66;32,1;0,36;7,86;61,73;2,62;2325;7749;8247;2377
PAMERICA (UP) - MEX;MEX;241;99;272;324;3781;49,8;38,2;69;99,9;5,1;43,7;20,6;55,9;43;232;33,19;0,64;14,66;0,28;6,61;54,31;3,52;3754;4894;6549;2218
AUSTRAL - ARG;ARG;250;20;262;333;3683;80,7;90,9;93,9;100;21,1;99,5;37,9;55,3;30;212;45,28;0,93;46,7;0,21;8,74;50,94;2,43;958;5873;6132;2377
NAL DE ASUNCION - PY;PY;253;78;204;336;2945;54,8;39,7;69,4;79,7;2,7;97,5;21,7;66,4;1;206;71,36;1,23;38,35;0,31;11,76;45,15;1,96;4904;6049;6645;2713
COLEGIO DE  - MEX;MEX;259;112;151;343;2291;44,8;65,9;16,3;100;15,8;;;84,2;46;196;32,65;0,42;14,29;0,88;2,38;73,98;1,79;7956;7523;8205;1442
PAMA (UP) - PAN;PAN;262;116;296;346;4062;44;60,2;57,3;64,5;1,3;;11,9;49,6;1;188;82,98;0,71;40,96;0,52;8,56;29,26;2,14;3254;4230;6231;2321
DEL SALVADOR - ARG;ARG;268;90;525;352;6582;51,7;44,7;90,7;44,9;4,1;65;30;37,2;31;177;37,29;1,38;25,99;0,72;13,14;49,15;2,86;7197;1447;4984;
NAL AGRARIA LA MOLI - PER;PER;269;132;233;353;3330;41,6;40,5;31,4;86,7;12,1;21,2;29;66,1;4;176;77,27;1,1;51,7;0,76;11,05;41,48;2,91;4665;5988;6920;2023
ALBERTO HURTADO - CHL;CHL;272;119;350;357;4588;43,1;55,1;47,2;44,1;15,7;4;33,5;56,8;27;168;23,21;0,42;16,67;0,88;1,83;76,19;0,61;1709;6141;5272;1028
TORCUATO DI TELLA - ARG;ARG;285;44;328;370;4349;68,1;81;90,2;36,8;31,8;15,4;100;45,9;33;152;53,95;0,98;48,03;0,88;11,72;57,89;5,52;2987;5959;;2218
JORGETADEOLOZANO - COL;COL;286;119;225;371;3194;43,1;40,2;80,6;33,7;9,1;16,8;5,2;67,5;29;149;53,02;0,81;32,89;0,74;8,16;54,36;2,04;5856;6476;4998;2092
 I Tec DE BUENOS AIRES (ITBA) - ARG;ARG;297;45;413;383;5300;66,6;75;90,4;92,4;12,7;;86,9;41,9;37;133;33,08;0,64;27,07;0,36;3,85;53,38;1,54;5135;4343;818;1442
TECNOLOGICA DE PAMA (UTP) - PAN;PAN;300;105;275;386;3814;47;63,7;70,4;41,5;2,2;;11,6;64,1;2;129;90,7;0,67;21,71;0,43;4,65;41,09;0,78;4091;6148;6146;1442
LA SALLE - COL;COL;300;134;346;386;4521;41,2;50,2;73,1;23,2;3,4;;12,1;58,5;31;129;37,21;0,38;16,28;0,64;2,34;45,74;0;6299;4215;7154;665
SAN ANDRES - ARG;ARG;310;46;257;396;3630;66,4;65,9;93,1;99,9;17;7,1;66,9;62,5;38;115;55,65;0,93;45,22;0,82;10,28;49,57;1,87;2556;6376;6260;1844
ESC SUP POLITEC DEL LITORAL - ESPOL - ECU;ECU;318;134;79;404;1501;41,2;47,1;52,2;31,6;6,4;;19;92,4;4;106;75,47;0,99;27,36;0,33;14,29;51,89;4,76;7706;9000;9390;1744
PALERMO - ARG;ARG;327;60;148;414;2257;62;63,9;88,1;84,6;3,1;;53,8;85,8;40;96;40,63;0,83;36,46;0,77;13,54;75;4,17;6479;8275;8367;1608
CATOLICA DEL URUGUAY (UCU) - URY;URY;331;111;377;418;4881;44,9;52,1;52,2;96,1;5,3;;20,5;48,5;2;92;52,17;0,67;22,83;0,59;7,61;43,48;3,26;354;5951;3610;1442
ABIERTA INTERAMERICA - UAI - ARG;ARG;331;134;375;418;4875;41,2;24,6;55,7;93,8;2,2;;63,1;50,7;41;92;26,09;0,41;10,87;0,78;2,2;70,65;1,1;4740;4723;3873;1258
ORT URUGUAY - URY;URY;336;107;309;423;4221;46,4;56,1;49,8;100;4,8;;11,4;61;3;85;55,29;0,52;29,41;0,68;3,57;67,06;3,57;5974;5250;5575;1028
EXTERDO DE  - COL;COL;340;102;351;427;4594;48,7;50,5;92,6;51,3;3,8;;16,1;59,9;39;81;28,4;0,16;7,41;0,91;1,28;75,31;1,28;1755;6083;6704;665
BELGRANO - ARG;ARG;346;62;319;433;4296;60,4;69,2;88,9;96,2;2,9;;30,5;64,3;43;75;25,33;0,72;37,33;0,7;5,97;56;0;4604;6428;4940;665
ARGENTI DE LA EMPRESA -UADE - ARG;ARG;352;144;342;439;4458;40;28,8;95,4;32,5;2,5;;10,1;61,6;45;66;48,48;0,39;42,42;0,51;3,45;31,82;0;5747;5585;5113;665
MONTEVIDEO - URY;URY;367;96;429;455;5498;50,2;70;53,1;61;9;;51,9;43,4;4;50;74;0,97;48;0,6;18,37;42;8,16;5804;2924;4868;1028
CATOLICA ANDRES BELLO - UCAB - VEN;VEN;369;58;217;457;3089;63,2;91,9;90,1;57,4;2,1;;15;76,1;15;48;25;0,26;8,33;0,79;2,22;54,17;0;7729;6014;8487;665
METROPOLITA - VEN;VEN;392;117;554;480;6876;43,9;61,9;64,2;30,7;3,6;;33,9;39,4;19;24;45,83;0,46;41,67;0,81;9,52;50;0;1126;3863;4865;
U de LIMA - PER;PER;396;133;475;484;5992;41,3;51,6;60;10,8;2,2;;58,8;49,6;19;20;60;0,74;10;0,8;0;65;0;1881;5008;5296;
DE CIEN  EMPRESAR Y SOC (UCES) - ARG;ARG;404;107;480;492;6077;46,4;27;83,3;98,5;1,1;;49,7;48,9;63;12;25;0,31;25;0,92;0;83,33;0;3587;4667;4366;
DEL NORTE - COL;COL;407;72;189;495;2677;56,8;65,2;72,9;32,4;28,4;22,9;50,4;69,8;3;9;88,89;1,67;33,33;0,99;22,22;0;0;5825;6576;5758;2793
POTFIC CATOLICA DO CAMPIS - BRA;BRA;162;114;211;234;3019;44,5;50,3;61,7;36,2;21,2;29,1;92;66,2;82;526;7,79;0,43;15,21;0,27;3,07;54,94;0,96;148;7800;6063;2428
